Ensemble_number,"p_val","avg_log2FC","pct.1","pct.2","p_val_adj","gene_name","score"
"ENSG00000162571",0,3.02191174591521,0.854,0.016,0,"TTLL10",0.838
"ENSG00000142609",0,2.93904251991969,0.767,0.007,0,"CFAP74",0.76
"ENSG00000116151",0,2.26747392090256,0.658,0.033,0,"MORN1",0.625
"ENSG00000157330",0,2.7548794596054,0.601,0.002,0,"CFAP107",0.599
"ENSG00000142621",0,3.20920516336799,0.907,0.011,0,"FHAD1",0.896
"ENSG00000058453",0,1.73457526564499,0.648,0.061,0,"CROCC",0.587
"ENSG00000162543",0,2.83803061112134,0.708,0.007,0,"UBXN10",0.701
"ENSG00000158062",0,1.96638064441961,0.877,0.09,0,"UBXN11",0.787
"ENSG00000174950",0,2.72124598778303,0.824,0.046,0,"CD164L2",0.778
"ENSG00000222046",0,2.67511502179215,0.571,0.002,0,"DCDC2B",0.569
"ENSG00000092850",0,3.01352895013903,0.767,0.003,0,"TEKT2",0.764
"ENSG00000116885",0,2.62204921114141,0.738,0.035,0,"OSCP1",0.703
"ENSG00000163879",0,2.97320796829461,0.91,0.037,0,"DNALI1",0.873
"ENSG00000186409",0,2.57339995996526,0.827,0.034,0,"CCDC30",0.793
"ENSG00000186973",0,3.06046919970002,0.877,0.029,0,"CFAP144",0.848
"ENSG00000243710",0,2.84094958972366,0.684,0.005,0,"CFAP57",0.679
"ENSG00000198520",0,1.53596190398889,0.601,0.04,0,"ARMH1",0.561
"ENSG00000142959",0,2.66144371795251,0.744,0.007,0,"BEST4",0.737
"ENSG00000188396",0,2.91247573142267,0.701,0.003,0,"DYNLT4",0.698
"ENSG00000159588",0,3.15859975085872,0.957,0.027,0,"CCDC17",0.93
"ENSG00000203985",0,3.28092075837096,0.914,0.005,0,"LDLRAD1",0.909
"ENSG00000187889",0,2.19907358375277,0.545,0.018,0,"FYB2",0.527
"ENSG00000162598",0,2.77299620748862,0.618,0.001,0,"C1orf87",0.617
"ENSG00000152760",0,2.82543347776966,0.781,0.016,0,"DYNLT5",0.765
"ENSG00000152763",0,2.97850789460585,0.811,0.014,0,"DNAI4",0.797
"ENSG00000178965",0,3.35087216700048,0.947,0.002,0,"ERICH3",0.945
"ENSG00000137941",0,1.42948463682473,0.575,0.033,0,"TTLL7",0.542
"ENSG00000162643",0,3.02090204852373,0.784,0.002,0,"DNAI3",0.782
"ENSG00000179902",0,3.13948923405187,0.854,0.011,0,"CFAP276",0.843
"ENSG00000173947",0,3.17377475745375,0.947,0.026,0,"PIFO",0.921
"ENSG00000233730",0,2.66695910517067,0.601,0.001,0,"LINC01765",0.6
"ENSG00000155761",0,3.30050353347105,0.944,0.007,0,"SPAG17",0.937
"ENSG00000178796",0,2.94119177848668,0.691,0.002,0,"RIIAD1",0.689
"ENSG00000163263",0,2.62197623267212,0.542,0.003,0,"CFAP141",0.539
"ENSG00000231064",0,2.2489755229269,0.565,0.016,0,"THBS3-AS1",0.549
"ENSG00000160838",0,2.87382688494161,0.698,0.003,0,"LRRC71",0.695
"ENSG00000213085",0,2.99710822827278,0.807,0.014,0,"CFAP45",0.793
"ENSG00000162755",0,2.07599511439202,0.535,0.024,0,"KLHDC9",0.511
"ENSG00000143224",0,1.9506218416853,0.684,0.06,0,"PPOX",0.624
"ENSG00000188931",0,2.73044870861271,0.581,0.003,0,"CFAP126",0.578
"ENSG00000185860",0,2.9677694954932,0.744,0.008,0,"CCDC190",0.736
"ENSG00000117477",0,2.63250056083123,0.674,0.007,0,"CCDC181",0.667
"ENSG00000173627",0,2.8229076423315,0.625,0.001,0,"APOBEC4",0.624
"ENSG00000162896",0,1.73852928556242,0.947,0.07,0,"PIGR",0.877
"ENSG00000231057",0,2.7112981062119,0.591,0.001,0,"NEK2-DT",0.59
"ENSG00000162814",0,2.94595508038503,0.764,0.011,0,"SPATA17",0.753
"ENSG00000234478",0,2.72504539422509,0.615,0.006,0,"ACBD3-AS1",0.609
"ENSG00000157856",0,3.02895122870686,0.774,0.002,0,"DRC1",0.772
"ENSG00000138002",0,2.16197680200179,0.811,0.107,0,"IFT172",0.704
"ENSG00000189350",0,2.81952970155817,0.804,0.009,0,"TOGARAM2",0.795
"ENSG00000177994",0,2.76341256617126,0.621,0.001,0,"C2orf73",0.62
"ENSG00000162994",0,1.7688492550822,0.595,0.044,0,"CLHC1",0.551
"ENSG00000162929",0,2.01670234298206,0.714,0.062,0,"SANBR",0.652
"ENSG00000284308",0,2.21132625345938,0.522,0.014,0,"C2orf81",0.508
"ENSG00000005448",0,2.08713959969211,0.787,0.098,0,"WDR54",0.689
"ENSG00000115423",0,3.20258308691487,0.87,0.004,0,"DNAH6",0.866
"ENSG00000163060",0,2.7296758508115,0.621,0.003,0,"TEKT4",0.618
"ENSG00000168658",0,3.00693607112248,0.754,0.003,0,"VWA3B",0.751
"ENSG00000196872",0,2.26072105355703,0.787,0.059,0,"CRACDL",0.728
"ENSG00000135951",0,2.07953875853231,0.771,0.077,0,"TSGA10",0.694
"ENSG00000119147",0,2.24105958560424,0.635,0.036,0,"ECRG4",0.599
"ENSG00000144061",0,2.79240954000016,0.904,0.049,0,"NPHP1",0.855
"ENSG00000144134",0,2.24468767271409,0.777,0.05,0,"RABL2A",0.727
"ENSG00000163075",0,3.14865751387626,0.857,0.001,0,"CFAP221",0.856
"ENSG00000152076",0,2.68498590664826,0.658,0.005,0,"CCDC74B",0.653
"ENSG00000163040",0,2.6610519696481,0.711,0.027,0,"CCDC74A",0.684
"ENSG00000176601",0,3.11754844331864,0.804,0.001,0,"MAP3K19",0.803
"ENSG00000154479",0,2.84508624201564,0.761,0.005,0,"CFAP210",0.756
"ENSG00000239467",0,2.15451720658261,0.538,0.011,0,NA,0.527
"ENSG00000079156",0,2.20635074043006,0.611,0.032,0,"OSBPL6",0.579
"ENSG00000118997",0,3.15887104446217,0.9,0.011,0,"DNAH7",0.889
"ENSG00000231621",0,2.69779525315918,0.724,0.006,0,"ANKRD44-AS1",0.718
"ENSG00000155749",0,2.48470623592053,0.565,0.003,0,"FLACC1",0.562
"ENSG00000182329",0,3.14093441397985,0.821,0.001,0,"KIAA2012",0.82
"ENSG00000138400",0,2.95996997906172,0.761,0.007,0,"MDH1B",0.754
"ENSG00000158428",0,2.59135303922201,0.611,0.008,0,"CATIP",0.603
"ENSG00000163482",0,1.88314278695084,0.585,0.041,0,"STK36",0.544
"ENSG00000181378",0,2.9786386353042,0.774,0.007,0,"CFAP65",0.767
"ENSG00000243910",0,2.95280491061996,0.724,0.005,0,"TUBA4B",0.719
"ENSG00000227308",0,2.92813221853109,0.748,0.01,0,"LINC02832",0.738
"ENSG00000123977",0,2.66418645741831,0.591,0.004,0,"DAW1",0.587
"ENSG00000144504",0,2.1197117579531,0.748,0.054,0,"ANKMY1",0.694
"ENSG00000226321",0,2.80071212118676,0.648,0.005,0,"CROCC2",0.643
"ENSG00000228723",0,2.83444636548109,0.635,0.002,0,"SRGAP3-AS2",0.633
"ENSG00000163576",0,2.84276441478473,0.668,0.003,0,"EFHB",0.665
"ENSG00000163491",0,3.14449803790426,0.927,0.006,0,"NEK10",0.921
"ENSG00000008226",0,2.99099312126643,0.837,0.012,0,"DLEC1",0.825
"ENSG00000168026",0,2.64063324538839,0.797,0.019,0,"TTC21A",0.778
"ENSG00000168038",0,1.80653872816706,0.654,0.049,0,"ULK4",0.605
"ENSG00000187492",0,3.14237029415521,0.831,0.005,0,"CDHR4",0.826
"ENSG00000004838",0,3.17946703711941,0.937,0.019,0,"ZMYND10",0.918
"ENSG00000114841",0,1.988129618334,0.542,0.017,0,"DNAH1",0.525
"ENSG00000174844",0,3.36277751856036,0.973,0.005,0,"DNAH12",0.968
"ENSG00000188817",0,3.1804238606523,0.837,0.004,0,"SNTN",0.833
"ENSG00000198919",0,2.36742567171144,0.877,0.083,0,"DZIP3",0.794
"ENSG00000206530",0,2.38478148027356,0.797,0.048,0,"CFAP44",0.749
"ENSG00000163617",0,2.17486560101941,0.757,0.049,0,"CCDC191",0.708
"ENSG00000183833",0,2.70106925990891,0.751,0.011,0,"CFAP91",0.74
"ENSG00000173702",0,2.20703160154058,0.638,0.025,0,"MUC13",0.613
"ENSG00000163885",0,2.93736735135146,0.817,0.016,0,"CFAP100",0.801
"ENSG00000172771",0,2.55901833718226,0.608,0.004,0,"EFCAB12",0.604
"ENSG00000114670",0,2.3799680699176,0.678,0.036,0,"NEK11",0.642
"ENSG00000158163",0,2.5266149822469,0.691,0.018,0,"DZIP1L",0.673
"ENSG00000181322",0,2.50524633668726,0.561,0.004,0,"NME9",0.557
"ENSG00000206199",0,2.99446398585076,0.771,0.006,0,"ANKUB1",0.765
"ENSG00000114805",0,2.25226529291003,0.528,0.005,0,"PLCH1",0.523
"ENSG00000197980",0,2.12751250205748,0.548,0.015,0,"LEKR1",0.533
"ENSG00000169064",0,3.22037628332511,0.864,0.002,0,"ZBBX",0.862
"ENSG00000174776",0,2.74328620843014,0.824,0.037,0,"WDR49",0.787
"ENSG00000171757",0,2.45486468778073,0.631,0.016,0,"LRRC34",0.615
"ENSG00000186329",0,2.75883762514072,0.595,0.001,0,"TMEM212",0.594
"ENSG00000172578",0,1.57204231260036,0.748,0.061,0,"KLHL6",0.687
"ENSG00000114473",0,2.51872413737196,0.887,0.074,0,"IQCG",0.813
"ENSG00000185621",0,1.96437672639308,0.654,0.039,0,"LMLN",0.615
"ENSG00000173013",0,2.53973005690179,0.605,0.009,0,"CCDC96",0.596
"ENSG00000048342",0,2.22124971016991,0.757,0.082,0,"CC2D2A",0.675
"ENSG00000007062",0,2.74121131597817,0.89,0.032,0,"PROM1",0.858
"ENSG00000197057",0,2.72167702520191,0.92,0.012,0,"DTHD1",0.908
"ENSG00000179299",0,1.85972092490704,0.688,0.058,0,"NSUN7",0.63
"ENSG00000163071",0,2.80633890114369,0.847,0.046,0,"SPATA18",0.801
"ENSG00000138771",0,1.38559200799234,0.588,0.037,0,"SHROOM3",0.551
"ENSG00000197826",0,2.96342844020484,0.724,0.001,0,"CFAP299",0.723
"ENSG00000137473",0,2.75860367794873,0.625,0.002,0,"TTC29",0.623
"ENSG00000205129",0,2.61588171050438,0.628,0.004,0,"C4orf47",0.624
"ENSG00000071539",0,2.3093207912603,0.598,0.038,0,"TRIP13",0.56
"ENSG00000215217",0,3.08066744484801,0.831,0.011,0,"CFAP90",0.82
"ENSG00000145491",0,2.77577853735575,0.767,0.018,0,"ROPN1L",0.749
"ENSG00000246016",0,2.32773956021882,0.538,0.005,0,"LINC01513",0.533
"ENSG00000039139",0,3.18652825749779,0.967,0.024,0,"DNAH5",0.943
"ENSG00000152582",0,2.76360511979812,0.91,0.037,0,"SPEF2",0.873
"ENSG00000152611",0,3.14293345418482,0.824,0.005,0,"CAPSL",0.819
"ENSG00000153347",0,3.0233087313736,0.748,0.002,0,"FAM81B",0.746
"ENSG00000186952",0,2.91438295341533,0.748,0.007,0,"TMEM232",0.741
"ENSG00000249621",0,2.73286716598062,0.598,0.001,0,"",0.597
"ENSG00000197208",0,2.00450684471569,0.605,0.041,0,"SLC22A4",0.564
"ENSG00000112981",0,2.80405637366662,0.797,0.038,0,"NME5",0.759
"ENSG00000111837",0,1.69299448883899,0.555,0.019,0,"MAK",0.536
"ENSG00000230873",0,2.92617305071347,0.688,0.002,0,"STMND1",0.686
"ENSG00000228412",0,2.64866299478176,0.598,0.006,0,"LNC-LBCS",0.592
"ENSG00000204385",0,2.56477684695429,0.937,0.115,0,"SLC44A4",0.822
"ENSG00000172426",0,2.98180396054653,0.761,0.009,0,"RSPH9",0.752
"ENSG00000230062",0,2.74261941046158,0.595,0.002,0,"ANKRD66",0.593
"ENSG00000096093",0,2.66914470101643,0.96,0.126,0,"EFHC1",0.834
"ENSG00000272514",0,2.62490871350921,0.555,0.002,0,"CFAP206",0.553
"ENSG00000118690",0,2.27283197141746,0.664,0.025,0,"ARMC2",0.639
"ENSG00000203799",0,2.37928172554307,0.545,0.009,0,"CCDC162P",0.536
"ENSG00000185250",0,2.87094532910653,0.764,0.02,0,"PPIL6",0.744
"ENSG00000155085",0,2.29743528292191,0.887,0.066,0,"AK9",0.821
"ENSG00000203778",0,2.41035484709693,0.837,0.105,0,"FAM229B",0.732
"ENSG00000111834",0,3.10641770530449,0.814,0.005,0,"RSPH4A",0.809
"ENSG00000135549",0,1.96045161238156,0.595,0.038,0,"PKIB",0.557
"ENSG00000093134",0,2.42998868742546,0.764,0.015,0,"VNN3P",0.749
"ENSG00000203734",0,2.75164683808097,0.671,0.007,0,"ECT2L",0.664
"ENSG00000118492",0,2.97136287472304,0.724,0.001,0,"ADGB",0.723
"ENSG00000120262",0,3.04750729250887,0.884,0.021,0,"CCDC170",0.863
"ENSG00000130363",0,2.13514712555031,0.86,0.117,0,"RSPH3",0.743
"ENSG00000112530",0,2.74402971274163,0.681,0.014,0,"PACRG",0.667
"ENSG00000112539",0,3.12154660484589,0.807,0.002,0,"C6orf118",0.805
"ENSG00000106012",0,1.89709607425817,0.684,0.067,0,"IQCE",0.617
"ENSG00000226690",0,3.03763134315757,0.771,0.001,0,"",0.77
"ENSG00000173467",0,2.59420305434103,0.844,0.033,0,"AGR3",0.811
"ENSG00000105877",0,2.99271817760763,0.887,0.019,0,"DNAH11",0.868
"ENSG00000164746",0,2.69961215863297,0.595,0.002,0,"C7orf57",0.593
"ENSG00000165215",0,1.70124598961703,0.801,0.068,0,"CLDN3",0.733
"ENSG00000135205",0,2.83247604220356,0.937,0.08,0,"CCDC146",0.857
"ENSG00000105792",0,2.53832272356289,0.757,0.027,0,"CFAP69",0.73
"ENSG00000205277",0,1.61013074106974,0.528,0.016,0,"MUC12",0.512
"ENSG00000227053",0,2.73490831798205,0.671,0.012,0,"MUC12-AS1",0.659
"ENSG00000185055",0,2.93146777761654,0.694,0.002,0,"EFCAB10",0.692
"ENSG00000128536",0,3.23890874804779,0.95,0.016,0,"CDHR3",0.934
"ENSG00000164675",0,2.8636963818316,0.708,0.003,0,"IQUB",0.705
"ENSG00000105948",0,2.25704628718671,0.674,0.031,0,"TTC26",0.643
"ENSG00000243836",0,2.53811634180076,0.721,0.024,0,"WDR86-AS1",0.697
"ENSG00000034239",0,2.98022823679911,0.827,0.022,0,"CLXN",0.805
"ENSG00000104237",0,2.96263699699536,0.907,0.008,0,"RP1",0.899
"ENSG00000178125",0,2.77766819489479,0.605,0.001,0,"PPP1R42",0.604
"ENSG00000164953",0,2.37137581619885,0.85,0.06,0,"TMEM67",0.79
"ENSG00000132554",0,2.55620000821501,0.605,0.012,0,"RGS22",0.593
"ENSG00000104450",0,2.21366984929644,0.86,0.086,0,"SPAG1",0.774
"ENSG00000129295",0,2.71182566265935,0.774,0.027,0,"DNAAF11",0.747
"ENSG00000158106",0,2.1863576412002,0.678,0.035,0,"RHPN1",0.643
"ENSG00000181085",0,2.99933515508249,0.92,0.027,0,"MAPK15",0.893
"ENSG00000147799",0,2.20339124740686,0.575,0.023,0,"ARHGAP39",0.552
"ENSG00000080298",0,2.20407642980067,0.877,0.074,0,"RFX3",0.803
"ENSG00000106686",0,2.05402972078347,0.591,0.023,0,"SPATA6L",0.568
"ENSG00000164972",0,3.05263575201254,0.91,0.037,0,"C9orf24",0.873
"ENSG00000122735",0,3.05388100634952,0.784,0.005,0,"DNAI1",0.779
"ENSG00000215187",0,2.94500945707156,0.708,0.002,0,"FAM166B",0.706
"ENSG00000137098",0,3.11522742945377,0.854,0.007,0,"SPAG8",0.847
"ENSG00000180071",0,2.18583053746142,0.621,0.045,0,"ANKRD18A",0.576
"ENSG00000275676",0,2.69324720749297,0.608,0,0,"",0.608
"ENSG00000231527",0,2.28803377539039,0.741,0.043,0,"FAM27C",0.698
"ENSG00000204711",0,3.10961686689813,0.797,0.003,0,"CFAP95",0.794
"ENSG00000165115",0,1.98596292317184,0.751,0.059,0,"KIF27",0.692
"ENSG00000106701",0,1.81206939382851,0.561,0.022,0,"FSD1L",0.539
"ENSG00000185681",0,3.02049122019202,0.761,0.007,0,"MORN5",0.754
"ENSG00000136918",0,3.04048317137204,0.764,0.005,0,"WDR38",0.759
"ENSG00000160401",0,3.06271107136777,0.917,0.026,0,"CFAP157",0.891
"ENSG00000188523",0,2.54013793330761,0.515,0.002,0,"CFAP77",0.513
"ENSG00000165698",0,2.53031327611986,0.724,0.04,0,"SPACA9",0.684
"ENSG00000160345",0,2.93583374124176,0.801,0.032,0,"PIERCE1",0.769
"ENSG00000260220",0,2.89333835454563,0.777,0.01,0,"CCDC187",0.767
"ENSG00000229124",0,1.45136245410949,0.598,0.049,0,"VIM-AS1",0.549
"ENSG00000077327",0,2.93603925153215,0.701,0.003,0,"SPAG6",0.698
"ENSG00000165309",0,3.16294808414269,0.824,0.002,0,"ARMC3",0.822
"ENSG00000179133",0,2.66278851696317,0.605,0.001,0,"C10orf67",0.604
"ENSG00000151023",0,3.04007462720205,0.811,0.012,0,"ENKUR",0.799
"ENSG00000169126",0,2.95849977320358,0.741,0.003,0,"ODAD2",0.738
"ENSG00000243660",0,1.85288293032122,0.645,0.044,0,"ZNF487",0.601
"ENSG00000170324",0,3.11894004833306,0.827,0.002,0,"FRMPD2",0.825
"ENSG00000227877",0,2.75655033131381,0.651,0.001,0,"MRLN",0.65
"ENSG00000183346",0,2.772908314315,0.638,0.006,0,"CABCOCO1",0.632
"ENSG00000165730",0,2.1476484335249,0.598,0.049,0,"STOX1",0.549
"ENSG00000156042",0,2.85057326370114,0.9,0.041,0,"CFAP70",0.859
"ENSG00000133665",0,2.95060393576736,0.728,0.003,0,"DYDC2",0.725
"ENSG00000120055",0,1.98362418745795,0.571,0.026,0,"C10orf95",0.545
"ENSG00000197748",0,3.23193937868374,0.937,0.012,0,"CFAP43",0.925
"ENSG00000120051",0,2.44734427062357,0.508,0.002,0,"CFAP58",0.506
"ENSG00000177640",0,2.47246396351993,0.565,0.006,0,"CASC2",0.559
"ENSG00000203780",0,3.09363505337727,0.877,0.016,0,"FANK1",0.861
"ENSG00000171811",0,3.08324390820125,0.85,0.009,0,"CFAP46",0.841
"ENSG00000171798",0,2.457570540433,0.538,0.006,0,"KNDC1",0.532
"ENSG00000130413",0,2.93796414885951,0.89,0.024,0,"STK33",0.866
"ENSG00000176029",0,3.00311869428525,0.787,0.005,0,"C11orf16",0.782
"ENSG00000148965",0,2.31964189923018,0.508,0.008,0,"SAA4",0.5
"ENSG00000134339",0,2.04613106078358,0.794,0.042,0,"SAA2",0.752
"ENSG00000169550",0,1.90889913924395,0.598,0.03,0,"MUC15",0.568
"ENSG00000170959",0,3.0841553702248,0.841,0.001,0,"DCDC1",0.84
"ENSG00000121653",0,2.01202534480507,0.581,0.044,0,"MAPK8IP1",0.537
"ENSG00000165923",0,2.80829016763121,0.721,0.01,0,"AGBL2",0.711
"ENSG00000166959",0,3.20076453292141,0.93,0.014,0,"MS4A8",0.916
"ENSG00000162148",0,2.43285328082707,0.575,0.01,0,"PPP1R32",0.565
"ENSG00000204950",0,2.84223659850081,0.708,0.002,0,"LRRC10B",0.706
"ENSG00000006534",0,1.94777021634441,0.734,0.059,0,"ALDH3B1",0.675
"ENSG00000184154",0,2.54114013168687,0.698,0.029,0,"LRRC51",0.669
"ENSG00000021300",0,1.64655922510291,0.558,0.017,0,"PLEKHB1",0.541
"ENSG00000187726",0,2.79580439233195,0.648,0.005,0,"DNAJB13",0.643
"ENSG00000171533",0,2.73229141823516,0.688,0.013,0,"MAP6",0.675
"ENSG00000257057",0,2.96807855432801,0.708,0.002,0,"C11orf97",0.706
"ENSG00000110318",0,2.22905338969973,0.927,0.092,0,"CEP126",0.835
"ENSG00000137691",0,2.63547704021447,0.718,0.041,0,"CFAP300",0.677
"ENSG00000187240",0,2.10658340625516,0.89,0.143,0,"DYNC2H1",0.747
"ENSG00000183644",0,2.9747284762732,0.804,0.024,0,"HOATZ",0.78
"ENSG00000150773",0,2.77047650845339,0.684,0.01,0,"PIH1D2",0.674
"ENSG00000197580",0,1.66610245948566,0.605,0.047,0,"BCO2",0.558
"ENSG00000248712",0,2.90094872794294,0.794,0.024,0,"CCDC153",0.77
"ENSG00000064199",0,2.71322390448978,0.794,0.061,0,"SPA17",0.733
"ENSG00000250510",0,2.78902924512076,0.734,0.016,0,"GPR162",0.718
"ENSG00000010626",0,2.8419123078849,0.917,0.063,0,"LRRC23",0.854
"ENSG00000126838",0,2.2576887028319,0.565,0.003,0,"PZP",0.562
"ENSG00000118307",0,2.97646544967729,0.777,0.005,0,"DNAI7",0.772
"ENSG00000139537",0,2.8067739712162,0.728,0.007,0,"CCDC65",0.721
"ENSG00000180881",0,2.14465525717767,0.618,0.031,0,"CAPS2",0.587
"ENSG00000231738",0,3.19949575910962,0.867,0.005,0,"TSPAN19",0.862
"ENSG00000133640",0,3.31714176317041,0.96,0.011,0,"LRRIQ1",0.949
"ENSG00000187510",0,2.59970062164615,0.814,0.042,0,"PLEKHG7",0.772
"ENSG00000188596",0,2.92467227895971,0.824,0.013,0,"CFAP54",0.811
"ENSG00000238105",0,2.01402589423933,0.704,0.043,0,"GOLGA2P5",0.661
"ENSG00000186710",0,3.18924351278497,0.917,0.013,0,"CFAP73",0.904
"ENSG00000166578",0,2.84196700427458,0.718,0.01,0,"IQCD",0.708
"ENSG00000139714",0,2.44700706855,0.661,0.018,0,"MORN3",0.643
"ENSG00000158023",0,2.76097780904127,0.944,0.077,0,"CFAP251",0.867
"ENSG00000197653",0,3.05152260024282,0.827,0.01,0,"DNAH10",0.817
"ENSG00000133115",0,2.90538282522416,0.678,0.003,0,"STOML3",0.675
"ENSG00000179813",0,3.09547877260258,0.791,0.002,0,"FAM216B",0.789
"ENSG00000198553",0,2.69370581869562,0.661,0.014,0,"KCNRG",0.647
"ENSG00000197168",0,2.88950800226196,0.837,0.025,0,"NEK5",0.812
"ENSG00000136367",0,2.41982367202095,0.598,0.008,0,"ZFHX2",0.59
"ENSG00000151320",0,1.9749800218774,0.608,0.029,0,"AKAP6",0.579
"ENSG00000139971",0,1.90383201323712,0.542,0.036,0,"ARMH4",0.506
"ENSG00000119661",0,2.13483872722291,0.777,0.089,0,"DNAL1",0.688
"ENSG00000119636",0,2.75915845995379,0.864,0.037,0,"BBOF1",0.827
"ENSG00000100583",0,2.35228602567104,0.512,0.007,0,"SAMD15",0.505
"ENSG00000258752",0,3.07684927508899,0.814,0.008,0,"",0.806
"ENSG00000140057",0,2.91743347306456,0.731,0.01,0,"AK7",0.721
"ENSG00000080823",0,2.35687748215343,0.87,0.073,0,"MOK",0.797
"ENSG00000259225",0,2.42287047629084,0.608,0.015,0,"LINC02345",0.593
"ENSG00000166963",0,1.91425614358323,0.718,0.056,0,"MAP1A",0.662
"ENSG00000256061",0,2.40497639688122,0.588,0.013,0,"DNAAF4",0.575
"ENSG00000151575",0,2.04941197470905,0.721,0.054,0,"TEX9",0.667
"ENSG00000138587",0,2.75769641567709,0.781,0.029,0,"MNS1",0.752
"ENSG00000140481",0,2.88271277600467,0.731,0.014,0,"CCDC33",0.717
"ENSG00000277749",0,2.68831940424692,0.578,0.004,0,"",0.574
"ENSG00000188659",0,2.84387247978648,0.867,0.045,0,"SAXO2",0.822
"ENSG00000140527",0,2.54571864688931,0.542,0.002,0,"WDR93",0.54
"ENSG00000161996",0,2.13463664916643,0.738,0.064,0,"WDR90",0.674
"ENSG00000162004",0,3.14585679322536,0.904,0.019,0,"CCDC78",0.885
"ENSG00000103253",0,1.7234944265109,0.744,0.087,0,"HAGHL",0.657
"ENSG00000187535",0,2.01076532335955,0.581,0.031,0,"IFT140",0.55
"ENSG00000263011",0,2.72636638750734,0.635,0.003,0,"",0.632
"ENSG00000103351",0,2.24432947479846,0.9,0.152,0,"CLUAP1",0.748
"ENSG00000267795",0,2.42507065546048,0.897,0.096,0,"SMIM22",0.801
"ENSG00000103534",0,2.73440713527341,0.987,0.104,0,"TMC5",0.883
"ENSG00000158486",0,3.26802891387513,0.914,0.003,0,"DNAH3",0.911
"ENSG00000175267",0,2.89674655121815,0.714,0.005,0,"VWA3A",0.709
"ENSG00000196118",0,2.48414443645541,0.661,0.028,0,"CFAP119",0.633
"ENSG00000260057",0,2.55730155875991,0.532,0.001,0,"LINC01571",0.531
"ENSG00000277639",0,3.10267981945676,0.9,0.024,0,"CHD9NB",0.876
"ENSG00000103494",0,1.9481930797947,0.648,0.056,0,"RPGRIP1L",0.592
"ENSG00000198848",0,1.54940735451512,0.681,0.061,0,"CES1",0.62
"ENSG00000159625",0,2.62492972886916,0.565,0.003,0,"DRC7",0.562
"ENSG00000103021",0,2.72524659515607,0.748,0.037,0,"CCDC113",0.711
"ENSG00000166592",0,2.011689667981,0.844,0.082,0,"RRAD",0.762
"ENSG00000172824",0,2.2199527241651,0.654,0.043,0,"CES4A",0.611
"ENSG00000159713",0,2.73525363391386,0.95,0.121,0,"TPPP3",0.829
"ENSG00000102904",0,2.69499669358317,0.628,0.006,0,"TSNAXIP1",0.622
"ENSG00000103056",0,1.94303379441085,0.525,0.014,0,"SMPD3",0.511
"ENSG00000157423",0,3.19046134902028,0.924,0.014,0,"HYDIN",0.91
"ENSG00000183196",0,2.27300301129543,0.771,0.083,0,"CHST6",0.688
"ENSG00000205084",0,2.87600190623484,0.9,0.049,0,"TMEM231",0.851
"ENSG00000168589",0,3.01639845471131,0.794,0.014,0,"DYNLRB2",0.78
"ENSG00000154099",0,3.16064388283294,0.953,0.031,0,"DNAAF1",0.922
"ENSG00000153789",0,3.21112680799597,0.917,0.012,0,"CIBAR2",0.905
"ENSG00000260259",0,2.92199634368653,0.741,0.006,0,"LINC02166",0.735
"ENSG00000141013",0,1.89216065784142,0.635,0.05,0,"GAS8",0.585
"ENSG00000187624",0,2.42219879066888,0.638,0.037,0,"C17orf97",0.601
"ENSG00000167858",0,3.09518722940546,0.787,0.004,0,"TEKT1",0.783
"ENSG00000183914",0,3.00229230141886,0.801,0.012,0,"DNAH2",0.789
"ENSG00000166596",0,3.14332749909688,0.814,0.003,0,"CFAP52",0.811
"ENSG00000154914",0,2.0023315317426,0.585,0.045,0,"USP43",0.54
"ENSG00000007174",0,3.27451864007086,0.907,0.004,0,"DNAH9",0.903
"ENSG00000171962",0,3.1385633926042,0.917,0.021,0,"DRC3",0.896
"ENSG00000108641",0,2.29340077115154,0.704,0.065,0,"B9D1",0.639
"ENSG00000126861",0,2.94531280342761,0.801,0.024,0,"OMG",0.777
"ENSG00000154760",0,1.91076631891033,0.791,0.084,0,"SLFN13",0.707
"ENSG00000270765",0,2.72359818544311,0.611,0.002,0,"GAS2L2",0.609
"ENSG00000275718",0,2.36347004336175,0.551,0.002,0,"CCL15",0.549
"ENSG00000204815",0,2.95841911099697,0.774,0.007,0,"ODAD4",0.767
"ENSG00000141294",0,3.08780401458989,0.87,0.017,0,"LRRC46",0.853
"ENSG00000136449",0,2.48116142270095,0.555,0.004,0,"MYCBPAP",0.551
"ENSG00000153930",0,2.58198254691663,0.591,0.005,0,"ANKFN1",0.586
"ENSG00000173838",0,2.91221693186733,0.734,0.007,0,"MARCHF10",0.727
"ENSG00000224383",0,2.94641941139207,0.807,0.009,0,"PRR29",0.798
"ENSG00000171595",0,3.11526784542815,0.804,0.004,0,"DNAI2",0.8
"ENSG00000196169",0,2.63173389249195,0.658,0.01,0,"KIF19",0.648
"ENSG00000129654",0,2.9404493545932,0.777,0.008,0,"FOXJ1",0.769
"ENSG00000141519",0,2.70976997156632,0.764,0.02,0,"CCDC40",0.744
"ENSG00000265752",0,2.46813301364826,0.505,0.001,0,"LINC02958",0.504
"ENSG00000172361",0,3.1300621995731,0.854,0.011,0,"CFAP53",0.843
"ENSG00000141665",0,2.51909961519407,0.525,0.004,0,"FBXO15",0.521
"ENSG00000116032",0,2.66978032313066,0.581,0.003,0,"GRIN3B",0.578
"ENSG00000105289",0,2.01148999277981,0.648,0.059,0,"TJP3",0.589
"ENSG00000185361",0,2.14646534809235,0.811,0.067,0,"TNFAIP8L1",0.744
"ENSG00000174898",0,2.66732168349902,0.588,0.003,0,"CATSPERD",0.585
"ENSG00000105519",0,2.58637405335018,0.973,0.213,0,"CAPS",0.76
"ENSG00000087903",0,2.02023051022674,0.824,0.116,0,"RFX2",0.708
"ENSG00000178531",0,2.75385921250686,0.741,0.014,0,"CTXN1",0.727
"ENSG00000198003",0,1.97740125646702,0.558,0.018,0,"ODAD3",0.54
"ENSG00000188039",0,2.86319602242182,0.804,0.028,0,"NWD1",0.776
"ENSG00000010310",0,2.0636893046891,0.568,0.036,0,"GIPR",0.532
"ENSG00000105479",0,3.01065025221569,0.827,0.013,0,"ODAD1",0.814
"ENSG00000167646",0,2.93983421580816,0.741,0.009,0,"DNAAF3",0.732
"ENSG00000160472",0,2.96381780145761,0.98,0.067,0,"TMEM190",0.913
"ENSG00000196476",0,2.27708033104663,0.744,0.044,0,"C20orf96",0.7
"ENSG00000226644",0,2.81724813724057,0.681,0.008,0,"",0.673
"ENSG00000101222",0,3.01926574867617,0.764,0.005,0,"SPEF1",0.759
"ENSG00000089091",0,1.91236102070354,0.542,0.02,0,"DZANK1",0.522
"ENSG00000131044",0,2.76896824733681,0.674,0.004,0,"TTLL9",0.67
"ENSG00000196090",0,2.34633772787242,0.658,0.046,0,"PTPRT",0.612
"ENSG00000101448",0,2.85757812406221,0.674,0.004,0,"EPPIN",0.67
"ENSG00000124237",0,3.21382702409454,0.894,0.01,0,"C20orf85",0.884
"ENSG00000280213",0,2.37740279771427,0.651,0.014,0,"UCKL1-AS1",0.637
"ENSG00000180509",0,1.57828003911494,0.591,0.014,0,"KCNE1",0.577
"ENSG00000157578",0,2.41834020939739,0.585,0.015,0,"LCA5L",0.57
"ENSG00000160188",0,3.29379962263421,0.957,0.012,0,"RSPH1",0.945
"ENSG00000160298",0,2.65420401012708,0.824,0.043,0,"C21orf58",0.781
"ENSG00000187905",0,2.53932040194901,0.598,0.012,0,"LRRC74B",0.586
"ENSG00000100218",0,2.62389808531482,0.601,0.008,0,"RSPH14",0.593
"ENSG00000100228",0,2.70326693744117,0.731,0.019,0,"RAB36",0.712
"ENSG00000169314",0,3.08103319885223,0.807,0.006,0,"C22orf15",0.801
"ENSG00000187860",0,2.13031235564185,0.668,0.033,0,"CCDC157",0.635
"ENSG00000181123",0,2.9706722842884,0.704,0.002,0,"",0.702
"ENSG00000167065",0,1.96989952587518,0.774,0.054,0,"DUSP18",0.72
"ENSG00000184949",0,2.9836828225044,0.884,0.018,0,"FAM227A",0.866
"ENSG00000186976",0,2.45255390156327,0.561,0.009,0,"EFCAB6",0.552
"ENSG00000128408",0,2.43884491930824,0.528,0.007,0,"RIBC2",0.521
"ENSG00000205593",0,2.20783607770652,0.718,0.037,0,"DENND6B",0.681
"ENSG00000079974",0,2.30730959312979,0.92,0.102,0,"RABL2B",0.818
"ENSG00000198947",0,1.58698959734946,0.651,0.046,0,"DMD",0.605
"ENSG00000165164",0,2.83092277223488,0.654,0.001,0,"CFAP47",0.653
"ENSG00000183690",0,2.31672885801192,0.561,0.017,0,"EFHC2",0.544
"ENSG00000158423",0,2.49081901346646,0.535,0.006,0,"RIBC1",0.529
"ENSG00000080572",0,2.70687316254438,0.571,0.001,0,"DNAAF6",0.57
"ENSG00000186471",0,2.92654344423924,0.694,0.004,0,"AKAP14",0.69
"ENSG00000197180",0,2.01569385533952,0.684,0.072,0,"ATP6AP1-DT",0.612
"ENSG00000137821",3.85060770254805E-307,1.69711257927926,0.558,0.043,2.25661013800126E-302,"LRRC49",0.515
"ENSG00000171295",7.66501162605479E-307,2.15173504651076,0.864,0.13,4.49200341333315E-302,"ZNF440",0.734
"ENSG00000151715",1.43749449354154E-306,1.81274549579509,0.638,0.06,8.42429272995086E-302,"TMEM45B",0.578
"ENSG00000172915",5.51159404316659E-306,1.88106868272489,0.767,0.094,3.23001457305735E-301,"NBEA",0.673
"ENSG00000173432",5.77076627782475E-303,1.97279585029874,0.9,0.156,3.38189986945641E-298,"SAA1",0.744
"ENSG00000127863",4.63508239251994E-298,1.80958110790581,0.628,0.06,2.71634368531238E-293,"TNFRSF19",0.568
"ENSG00000163913",1.02495912773788E-297,1.73532944989746,0.688,0.073,6.00667047219507E-293,"IFT122",0.615
"ENSG00000124749",1.42583847574765E-294,1.84962068852683,0.611,0.056,8.35598380327155E-290,"COL21A1",0.555
"ENSG00000135338",3.1578517067506E-293,1.78705689191094,0.641,0.065,1.85062741422412E-288,"LCA5",0.576
"ENSG00000165959",5.62650127925332E-292,1.71774733999184,0.841,0.133,3.29735480969361E-287,"CLMN",0.708
"ENSG00000213123",1.95717948591722E-290,2.34176558693874,0.811,0.13,1.14698546592693E-285,"DYNLT2B",0.681
"ENSG00000140403",5.03745583520889E-289,1.67387187347596,0.884,0.159,2.95215061766582E-284,"DNAJA4",0.725
"ENSG00000153832",5.96273176094433E-288,1.92679604816258,0.571,0.05,3.49439932118381E-283,"FBXO36",0.521
"ENSG00000010361",2.22170149530174E-286,1.64855369318104,0.575,0.052,1.30200594430663E-281,"FUZ",0.523
"ENSG00000064787",1.86307153063906E-284,1.7235124583482,0.598,0.056,1.09183443981571E-279,"BCAS1",0.542
"ENSG00000140284",3.94397890598332E-283,1.90049259992376,0.605,0.059,2.31132939806247E-278,"SLC27A2",0.546
"ENSG00000125999",2.95832473554855E-282,1.96990726663334,0.834,0.118,1.73369662802087E-277,"BPIFB1",0.716
"ENSG00000088727",8.03173028556565E-278,2.1811955911993,0.811,0.137,4.70691521655289E-273,"KIF9",0.674
"ENSG00000157796",6.80454819948094E-276,1.60110659779384,0.628,0.064,3.98773742682381E-271,"WDR19",0.564
"ENSG00000177989",1.18185464715306E-275,2.25993441287529,0.93,0.215,6.92614097417579E-271,"ODF3B",0.715
"ENSG00000168778",9.17636117059829E-275,1.75373932110521,0.555,0.048,5.37771470041742E-270,"TCTN2",0.507
"ENSG00000090971",1.75898896930935E-274,1.71941676548187,0.588,0.057,1.03083789557405E-269,"NAT14",0.531
"ENSG00000032742",2.82585237044863E-274,1.76094843284775,0.827,0.134,1.65606252317772E-269,"IFT88",0.693
"ENSG00000159714",2.80790029809072E-273,1.96104356999959,0.668,0.078,1.64554189069309E-268,"ZDHHC1",0.59
"ENSG00000109339",1.81881957194153E-268,2.0000123993356,0.867,0.151,1.06590102194061E-263,"MAPK10",0.716
"ENSG00000104218",2.85282888749676E-268,1.72129804833616,0.814,0.136,1.6718718412286E-263,"CSPP1",0.678
"ENSG00000163624",9.3994079478799E-268,2.11829553331252,0.767,0.12,5.50842903377554E-263,"CDS1",0.647
"ENSG00000131711",7.80491354227356E-263,1.02939084021151,0.781,0.106,4.573991532314E-258,"MAP1B",0.675
"ENSG00000100360",3.46730120293114E-262,1.89565734230896,0.837,0.159,2.03197719696577E-257,"IFT27",0.678
"ENSG00000188010",6.18608087250797E-262,2.44116050002377,0.841,0.17,3.62529083452457E-257,"MORN2",0.671
"ENSG00000047578",1.17251892360671E-256,1.56739605452555,0.568,0.056,6.87142989990477E-252,"KATNIP",0.512
"ENSG00000257698",2.59966929460665E-256,1.66871937282295,0.635,0.078,1.52351019341128E-251,"GIHCG",0.557
"ENSG00000174628",4.74889389068861E-254,1.90803603281822,0.734,0.11,2.78304177569915E-249,"IQCK",0.624
"ENSG00000132321",8.04486097832167E-254,2.01202373339169,0.651,0.08,4.71461032773563E-249,"IQCA1",0.571
"ENSG00000163596",3.34459415874427E-252,1.54523928280351,0.678,0.084,1.96006596079049E-247,"ICA1L",0.594
"ENSG00000073737",6.94556323733083E-251,1.85620091872507,0.794,0.128,4.07037787960536E-246,"DHRS9",0.666
"ENSG00000178053",1.62838407505218E-249,1.600593441889,0.724,0.11,9.5429820334358E-245,"MLF1",0.614
"ENSG00000132004",1.81147391155577E-248,1.83970477801026,0.558,0.057,1.06159617112814E-243,"FBXW9",0.501
"ENSG00000126870",9.2201294168859E-248,1.7698938399933,0.884,0.188,5.40336464347181E-243,"DYNC2I1",0.696
"ENSG00000118523",2.36166177852397E-247,1.32187630898064,0.834,0.138,1.38402826868619E-242,"CCN2",0.696
"ENSG00000150764",7.28858111569088E-247,1.32855153267497,0.595,0.065,4.27140007703948E-242,"DIXDC1",0.53
"ENSG00000181143",1.73753445730693E-246,1.92531401323485,0.957,0.202,1.01826469336015E-241,"MUC16",0.755
"ENSG00000131018",1.94248575918362E-244,1.29756634777841,0.914,0.201,1.13837435431197E-239,"SYNE1",0.713
"ENSG00000183273",5.06018591032135E-242,2.05778010461363,0.595,0.067,2.96547135088472E-237,"CCDC60",0.528
"ENSG00000084764",6.67614416406742E-242,1.61737669852452,0.658,0.085,3.91248752591007E-237,"MAPRE3",0.573
"ENSG00000111450",2.91164682617796E-237,1.21174533232773,0.618,0.074,1.70634150601333E-232,"STX2",0.544
"ENSG00000197283",1.0566791193409E-235,1.36339792172055,0.618,0.073,6.19256231098541E-231,"SYNGAP1",0.545
"ENSG00000166833",2.0494839808682E-235,1.14407953248527,0.595,0.067,1.201079592148E-230,"NAV2",0.528
"ENSG00000163818",2.07546902320587E-235,1.6464608769551,0.661,0.091,1.21630786635957E-230,"LZTFL1",0.57
"ENSG00000243955",2.4364054421309E-235,2.01495672577651,0.804,0.15,1.42783104530639E-230,"GSTA1",0.654
"ENSG00000119685",7.21678293936494E-234,1.63252235995785,0.658,0.087,4.22932347378543E-229,"TTLL5",0.571
"ENSG00000164114",4.13440417631831E-233,1.58731443508965,0.764,0.131,2.42292622348958E-228,"MAP9",0.633
"ENSG00000133328",4.37214840679903E-233,2.00659113645899,0.571,0.066,2.5622538523205E-228,"PLAAT2",0.505
"ENSG00000173588",4.99434795227645E-232,1.43737252148942,0.698,0.099,2.92688767395209E-227,"CEP83",0.599
"ENSG00000204852",6.27617813269866E-231,1.85532363775255,0.701,0.112,3.67809143288672E-226,"TCTN1",0.589
"ENSG00000176945",1.20539917895311E-230,1.67342925124033,0.578,0.064,7.06412134833679E-226,"MUC20",0.514
"ENSG00000100918",1.1744898861719E-228,1.48457369063112,0.608,0.073,6.88298052892182E-224,"REC8",0.535
"ENSG00000203666",4.7903848269034E-228,1.51172775983462,0.631,0.084,2.80735712395847E-223,"EFCAB2",0.547
"ENSG00000167608",1.37895271871276E-226,1.84941292854831,0.787,0.147,8.08121451274425E-222,"TMC4",0.64
"ENSG00000188352",3.98792592117137E-226,1.56119559413174,0.618,0.079,2.33708410684327E-221,"FOCAD",0.539
"ENSG00000132122",6.19081495313238E-226,1.54296472815081,0.774,0.137,3.6280651951337E-221,"SPATA6",0.637
"ENSG00000164066",1.1748339557245E-225,1.67347500991676,0.668,0.093,6.88499691412786E-221,"INTU",0.575
"ENSG00000068885",1.29620949229491E-225,1.42086355641483,0.645,0.084,7.59630610864511E-221,"IFT80",0.561
"ENSG00000122970",1.19224840642408E-223,1.80577691655778,0.688,0.105,6.98705256100766E-219,"IFT81",0.583
"ENSG00000131437",2.74721604563465E-223,1.48324372044268,0.708,0.113,1.60997849138373E-218,"KIF3A",0.595
"ENSG00000166171",7.56574019471216E-220,1.93907710254738,0.678,0.111,4.43382638370911E-215,"DPCD",0.567
"ENSG00000128581",2.01385875248599E-218,1.91567127058677,0.744,0.142,1.18020178330689E-213,"IFT22",0.602
"ENSG00000153292",4.0930802513443E-218,1.89633655426077,0.807,0.152,2.39870875049782E-213,"ADGRF1",0.655
"ENSG00000166352",1.92455280455128E-217,1.77627429839922,0.631,0.092,1.12786492557923E-212,"IFTAP",0.539
"ENSG00000198039",9.5654234765607E-215,1.71357241089456,0.714,0.115,5.60572077420363E-210,"ZNF273",0.599
"ENSG00000147400",1.01072559234596E-212,2.19864329463856,0.86,0.237,5.92325626138428E-208,"CETN2",0.623
"ENSG00000154556",4.71108377846289E-209,1.09297722821133,0.748,0.128,2.76088353753039E-204,"SORBS2",0.62
"ENSG00000144451",1.32235941955163E-208,1.72101932593637,0.807,0.181,7.74955514234038E-204,"SPAG16",0.626
"ENSG00000116127",1.5958627129572E-205,1.41469919841815,0.601,0.08,9.35239384301435E-201,"ALMS1",0.521
"ENSG00000130513",2.70381110010401E-204,1.37000361860617,0.691,0.112,1.58454145710495E-199,"GDF15",0.579
"ENSG00000117472",2.56205298620844E-203,1.81595532841719,0.99,0.383,1.5014655320376E-198,"TSPAN1",0.607
"ENSG00000119333",1.46261401694572E-202,1.73323099864341,0.784,0.171,8.57150318490869E-198,"DYNC2I2",0.613
"ENSG00000064270",3.29769785049963E-200,1.76137153682427,0.734,0.128,1.93258284830681E-195,"ATP2C2",0.606
"ENSG00000100124",2.69742734337064E-199,1.35772917388246,0.615,0.089,1.58080032030893E-194,"ANKRD54",0.526
"ENSG00000181019",6.77122313641322E-199,1.71768081409615,0.837,0.221,3.9682076068636E-194,"NQO1",0.616
"ENSG00000103540",8.45261317355819E-197,1.4889331306095,0.724,0.133,4.95356942423204E-192,"CCP110",0.591
"ENSG00000179029",2.30321033460454E-196,1.32385178016771,0.691,0.121,1.34977338449164E-191,"TMEM107",0.57
"ENSG00000001561",6.93468273112743E-195,1.08876910639113,0.595,0.082,4.06400146774992E-190,"ENPP4",0.513
"ENSG00000110619",4.04658084533095E-193,1.64617615579611,0.794,0.184,2.37145823859775E-188,"CARS1",0.61
"ENSG00000141012",9.39784691022191E-193,1.43317720141442,0.641,0.099,5.50751420326645E-188,"GALNS",0.542
"ENSG00000156313",1.02887262070029E-192,1.13848393346992,0.704,0.12,6.02960510635199E-188,"RPGR",0.584
"ENSG00000204104",9.0281359092225E-190,1.77457011877239,0.807,0.196,5.29084876824076E-185,"TRAF3IP1",0.611
"ENSG00000178467",2.496693598E-189,1.63505772814983,0.757,0.169,1.46316231617192E-184,"P4HTM",0.588
"ENSG00000167523",1.51104076887781E-187,1.49630501991166,0.625,0.1,8.85530332193149E-183,"SPATA33",0.525
"ENSG00000148735",1.51466204111318E-187,1.81857256248768,0.771,0.155,8.87652542573968E-183,"PLEKHS1",0.616
"ENSG00000272398",4.56971053996081E-185,1.36298301450119,0.944,0.351,2.67803316483863E-180,"CD24",0.593
"ENSG00000135315",9.53556785579725E-185,1.25943321409632,0.588,0.084,5.58822418621142E-180,"CEP162",0.504
"ENSG00000179869",1.80405011871057E-184,1.70496821406551,0.957,0.308,1.05724553156914E-179,"ABCA13",0.649
"ENSG00000214114",3.05860679004644E-183,1.55143361362755,0.704,0.14,1.79246592323882E-178,"MYCBP",0.564
"ENSG00000078114",4.79336532261997E-183,1.19235489228234,0.701,0.125,2.80910381366821E-178,"NEBL",0.576
"ENSG00000122417",5.20160863556453E-183,1.31376572204468,0.953,0.372,3.04835072478623E-178,"ODF2L",0.581
"ENSG00000006453",1.0293857424625E-181,1.59281749843189,0.708,0.134,6.03261220512723E-177,"BAIAP2L1",0.574
"ENSG00000267002",2.54706437342854E-181,1.33625415613029,0.638,0.103,1.49268160540406E-176,"",0.535
"ENSG00000154265",1.39458736057199E-178,1.51921125615898,0.88,0.252,8.17283976789609E-174,"ABCA5",0.628
"ENSG00000104973",1.71395797732365E-178,1.31932078051408,0.724,0.144,1.00444793303075E-173,"MED25",0.58
"ENSG00000118407",6.37404491095674E-177,1.14764585040491,0.718,0.129,3.73544527961709E-172,"FILIP1",0.589
"ENSG00000160180",1.93979576736566E-176,1.21983474286655,0.691,0.127,1.13679791150697E-171,"TFF3",0.564
"ENSG00000138036",3.34126734521396E-175,1.55460518145319,0.661,0.125,1.95811631498919E-170,"DYNC2LI1",0.536
"ENSG00000159079",2.81556597326668E-173,1.55980495824665,0.867,0.29,1.65003428297321E-168,"CFAP298",0.577
"ENSG00000170270",6.71531395778258E-173,1.58381029500763,0.621,0.113,3.9354425918189E-168,"GON7",0.508
"ENSG00000130940",2.33074631129899E-169,1.33283026214006,0.744,0.156,1.36591056827366E-164,"CASZ1",0.588
"ENSG00000161267",6.77176578384454E-169,1.36417324296411,0.664,0.123,3.96852561996426E-164,"BDH1",0.541
"ENSG00000160972",7.32095595592936E-169,1.33758938386545,0.751,0.169,4.29037302841284E-164,"PPP1R16A",0.582
"ENSG00000123607",2.57627126258212E-168,1.24267847988063,0.615,0.102,1.50979801072362E-163,"TTC21B",0.513
"ENSG00000156966",4.70821858295741E-168,1.45256743440839,0.615,0.103,2.75920441835636E-163,"B3GNT7",0.512
"ENSG00000148346",6.30903430945694E-168,1.54200117811208,0.973,0.413,3.69734646671415E-163,"LCN2",0.56
"ENSG00000145113",1.2958485508515E-167,1.54272857080456,0.97,0.369,7.59419084741013E-163,"MUC4",0.601
"ENSG00000159212",8.05531573749714E-167,1.72115210989663,0.621,0.109,4.72073723480282E-162,"CLIC6",0.512
"ENSG00000114446",1.16991056101467E-165,1.50778212723707,0.831,0.276,6.85614385177036E-161,"IFT57",0.555
"ENSG00000146376",2.42988207052731E-163,1.35552428166349,0.86,0.283,1.42400808861182E-158,"ARHGAP18",0.577
"ENSG00000133265",3.16218748650237E-161,1.57452380599413,0.741,0.184,1.85316835458985E-156,"HSPBP1",0.557
"ENSG00000096872",1.41375990360925E-160,1.33720839713601,0.688,0.144,8.28519853911166E-156,"IFT74",0.544
"ENSG00000119397",2.98832414991504E-160,1.11120108304292,0.764,0.177,1.75127748481621E-155,"CNTRL",0.587
"ENSG00000198718",6.99823292258249E-159,1.26196890978866,0.688,0.14,4.10124442195024E-154,"TOGARAM1",0.548
"ENSG00000137601",2.5905214353308E-158,1.21870497068717,0.645,0.122,1.51814918196126E-153,"NEK1",0.523
"ENSG00000163435",1.36549982070156E-156,1.13735336499845,0.993,0.459,8.00237514923945E-152,"ELF3",0.534
"ENSG00000186352",3.58289184413952E-156,1.00389587700641,0.628,0.119,2.09971793633952E-151,"ANKRD37",0.509
"ENSG00000102738",9.37434118739637E-154,1.48855842855833,0.821,0.268,5.49373890946177E-149,"MRPS31",0.553
"ENSG00000175567",9.80871766928116E-152,1.11180448769223,0.777,0.198,5.74830090290553E-147,"UCP2",0.579
"ENSG00000168734",1.29680615623956E-149,1.05582879252202,0.728,0.17,7.59980279802634E-145,"PKIG",0.558
"ENSG00000154080",1.39871808823809E-149,1.57102152134404,0.87,0.264,8.19704748431049E-145,"CHST9",0.606
"ENSG00000101350",8.42484696871059E-149,1.35572533041857,0.694,0.163,4.93729731754315E-144,"KIF3B",0.531
"ENSG00000168405",1.04869216568231E-145,1.08181002938061,0.635,0.122,6.14575556776462E-141,"CMAHP",0.513
"ENSG00000119650",4.90372947259156E-142,1.4548440821204,0.724,0.199,2.87378162011756E-137,"IFT43",0.525
"ENSG00000107890",3.16484049630715E-141,1.22597239913447,0.694,0.157,1.85472312445584E-136,"ANKRD26",0.537
"ENSG00000175792",3.45397259950864E-140,1.3995865236851,0.754,0.226,2.02416610221604E-135,"RUVBL1",0.528
"ENSG00000104427",2.3997297807239E-139,1.34325476988796,0.738,0.194,1.40633764069544E-134,"ZC2HC1A",0.544
"ENSG00000104723",4.17722780138913E-139,1.59350582082131,0.701,0.192,2.44802258072609E-134,"TUSC3",0.509
"ENSG00000138640",1.35983477724615E-137,1.0373963497344,0.691,0.161,7.96917572857331E-133,"FAM13A",0.53
"ENSG00000161249",1.66973127790568E-133,1.22021695634889,0.827,0.273,9.78529318103845E-129,"DMKN",0.554
"ENSG00000198707",2.15108204959429E-133,1.11049270782659,0.708,0.174,1.26062012434424E-128,"CEP290",0.534
"ENSG00000047457",2.14074672762744E-132,1.14975808013668,0.698,0.165,1.25456321225879E-127,"CP",0.533
"ENSG00000143156",3.32219398506417E-132,1.30914973308474,0.661,0.155,1.94693856300701E-127,"NME7",0.506
"ENSG00000157765",1.13040908629153E-130,1.10818956581177,0.724,0.191,6.6246494093029E-126,"SLC34A2",0.533
"ENSG00000197603",6.31868047013735E-129,1.18148554840395,0.704,0.171,3.70299950271929E-124,"CPLANE1",0.533
"ENSG00000115461",1.61920962756075E-128,0.424986352768139,0.714,0.141,9.48921610135702E-124,"IGFBP5",0.573
"ENSG00000261040",8.79007988058614E-128,1.34515177072007,0.781,0.213,5.1513384132187E-123,"WFDC21P",0.568
"ENSG00000145287",2.20657206456377E-126,1.04534199178385,0.9,0.345,1.29313949271695E-121,"PLAC8",0.555
"ENSG00000245694",4.33381110322932E-126,1.37831355105613,0.821,0.295,2.53978665893651E-121,"CRNDE",0.526
"ENSG00000165209",1.44963742043336E-125,1.10596006040232,0.741,0.203,8.49545513870765E-121,"STRBP",0.538
"ENSG00000163001",9.01686666341107E-123,1.22663212966818,0.734,0.234,5.28424453942542E-118,"CFAP36",0.5
"ENSG00000137501",6.61120364223483E-122,1.02022411241905,0.658,0.149,3.8744297824953E-117,"SYTL2",0.509
"ENSG00000113318",1.25329692228531E-121,1.16176378366444,0.714,0.2,7.3448212833608E-117,"MSH3",0.514
"ENSG00000008283",1.02474183723384E-119,1.30305637362927,0.701,0.2,6.00539706292521E-115,"CYB561",0.501
"ENSG00000130396",7.13779283041889E-119,0.983573296809005,0.854,0.306,4.18303211033869E-114,"AFDN",0.548
"ENSG00000101347",1.08252917360552E-118,0.823613498478684,0.807,0.252,6.34405396899779E-114,"SAMHD1",0.555
"ENSG00000153944",4.48561786524119E-118,1.06445614648821,0.904,0.39,2.62875149374595E-113,"MSI2",0.514
"ENSG00000105357",8.19067164793981E-116,1.1120955537936,0.668,0.16,4.80006121255864E-111,"MYH14",0.508
"ENSG00000177508",1.03792044399278E-113,1.11547421590964,0.771,0.231,6.08262896997531E-109,"IRX3",0.54
"ENSG00000104549",5.90491667545214E-111,1.10818959137891,0.751,0.238,3.46051736848197E-106,"SQLE",0.513
"ENSG00000130560",1.37576703941245E-110,1.07955302774791,0.827,0.32,8.0625451577727E-106,"UBAC1",0.507
"ENSG00000015133",6.49573163300104E-108,0.89969447588824,0.714,0.202,3.80675856620393E-103,"CCDC88C",0.512
"ENSG00000196576",1.38691814828551E-104,1.09609960563546,0.831,0.32,8.12789511621238E-100,"PLXNB2",0.511
"ENSG00000117602",1.91869672702067E-103,0.838470166600432,0.708,0.208,1.12443302990319E-98,"RCAN3",0.5
"ENSG00000165434",4.36796043851265E-102,1.07344781506875,0.787,0.267,2.55979953538595E-97,"PGM2L1",0.52
"ENSG00000164050",1.00829834971518E-99,1.21105647897368,0.718,0.215,5.90903164867082E-95,"PLXNB1",0.503
"ENSG00000156675",6.07079620496049E-98,0.84544967813471,0.88,0.376,3.55772940795505E-93,"RAB11FIP1",0.504
"ENSG00000176155",7.63433506014883E-98,1.01122151281138,0.751,0.242,4.47402571864962E-93,"CCDC57",0.509
"ENSG00000181885",1.41837981706656E-95,0.918584275193837,0.834,0.304,8.31227307993689E-91,"CLDN7",0.53
"ENSG00000197405",2.65006046995491E-93,0.322960112508504,0.708,0.167,1.55304143781238E-88,"C5AR1",0.541
"ENSG00000137857",3.02642874282514E-93,1.11980468483052,0.761,0.254,1.77360830044524E-88,"DUOX1",0.507
"ENSG00000189143",1.30745098946399E-72,0.687308978432397,0.887,0.383,7.66218577865478E-68,"CLDN4",0.504
